rank,name,geo,state,primary_niche,confirmed_public_evidence,inferred_succession_or_owner_clue,carrier_appointment_or_breadth_signal,staff_service_bench_signal,website_sophistication,reputation_signal,acquisition_jv_fit_score,avoid_flags,source_url
1,Phillips Insurance Agency,Chicopee / Western MA,MA,Construction insurance and surety bonds,"Site says 70+ years in insurance; provides commercial insurance, surety bonds, workers comp, construction insurance and bonds; NASBP member; one of largest surety writers in Northeast.",Legacy agency age creates succession-screen relevance but no sale intent confirmed.,"Several major bonding companies; NASBP membership; commercial liability/property/umbrella/workers comp lines.",Site says all account managers are licensed professionals.,Modern focused site with clear construction/surety positioning.,Reader Raves best insurance agency 10 years in a row is claimed on site.,9,"May be too healthy/large; surety relationships may be producer-specific; not a pure small P&C book.",https://www.phillipsinsurance.com/
2,The Roberts Agency,Bloomfield / Hartford area,CT,Construction/trades commercial P&C and surety,"Independent family-owned Connecticut agency for more than six decades; specializes in construction insurance and surety bonding; serves CT plus MA/NH/NJ/NY/RI/VT.",Family-owned legacy agency is a succession clue; no owner age or sale intent confirmed.,"Public carrier logos include Acadia, Travelers, EMC, Hartford, CNA, Nationwide, Great American, Zurich, AmTrust, Philadelphia, Selective, Main Street, Berkley.",Testimonials reference professional staff and long-term construction clients since 1997/2002.,Good niche site with client testimonials and bond workflow.,Strong testimonials from construction-company executives.,9,"Relationship-heavy construction accounts; carrier/surety transfer risk; staff retention must be proven.",https://robertsins.com/
3,Bonacorso Insurance Agency,Woburn / Boston suburbs,MA,Commercial P&C / contractors plus affluent personal lines,"Independent agency since 1956; lists general liability, commercial auto, property, workers comp, inland marine, builders risk, surety bonding, umbrella; personal includes valuables, private aircraft, flood.",Long-tenured independent agency suggests succession-screen relevance; no owner/sale clue confirmed.,Publicly indicates sophisticated property/casualty/surety products but no carrier list found.,Public staff depth not visible from desk screen.,Simple but clear legacy website.,Long operating history and New England reputation claimed.,8,"Website sparse; staff bench and carrier breadth not visible; could be owner-dependent.",https://www.bonacorsoins.com/
4,The Covenant Agency,South Shore / Cape Cod,MA,Small-business commercial P&C, contractors, condo associations, churches,"Independent agency serving South Shore/South Coast/Cape Cod; focused on small business owners, condominium associations, churches, automobile services, contractors/artisans, nonprofits; business auto, workers comp, umbrella.",Legacy/succession not confirmed; niche focus makes it a logical private-source screen.,SAN Group membership and represents national/regional insurance companies.,Staff bench not public; agency appears small.,Older site but specific niche copy.,Local/regional focus; no review data captured.,8,"Likely small and potentially owner-led; must prove transferable appointments and staff bench.",https://www.covenantagency.com/
5,Anderson Bagley & Mayo / ABM Insurance,North Central MA,MA,Condo association / commercial and personal P&C,"Site calls ABM the largest independent privately owned insurance agency in North Central Massachusetts; 100+ years serving condo associations; focuses on master condo association coverage, D&O, crime/fidelity, umbrella, ordinance/law.",100+ year private agency creates succession angle but likely larger than ideal first buy; no sale intent confirmed.,Represents many highly rated carriers per site.,Public wording references local team and specialists; exact roster not captured.,Modern content-rich site with strong niche landing page.,Largest independent/private-owned regional claim and long history.,7,"May be too large/expensive; condo master-policy book has loss/deductible volatility; likely competitive buyer market.",https://www.abminsurance.com/condo-association-insurance/
6,HOA Insurance Agency / ProtectMyHOA,Marlborough,MA,HOA/condo association master-policy niche,"Independent brokerage focused on HOA and condo association insurance plus HO-6 alignment; serves MA, RI, NH, CT, NY, OK; works with boards, trustees, property managers and unit owners.",Young/specialized digital agency; succession not confirmed; could be JV/build-partner target more than retirement buyout.,Carrier list not public.,Staff bench not public; focused specialty workflow visible.,Modern niche website with clear association-specific underwriting copy.,No third-party reviews captured; crisp specialization is the signal.,7,"May be too new or too small; carrier breadth and AMS/process depth unknown; needs proof of renewal book not just lead-gen site.",https://www.protectmyhoa.com/
7,J.W. Allen,NYC and Darien,NY/CT,Affluent / high-net-worth personal lines,"Privately held independent brokerage protecting private wealth since 1928; serves individuals, families, family offices; partners shown include Chubb, Travelers, PURE, PCS, Berkley One; claims 300+ combined years experience, 20+ avg colleague experience, 18+ years Chubb Cornerstone Elite Broker, $10B+ assets insured.",Legacy firm but likely not small; succession not confirmed.,Strong HNW carrier panel publicly shown; Chubb Cornerstone Elite tenure claimed.,Very strong bench claims: 300+ combined years, 20+ average colleague experience, 9+ average tenure.,High-end modern site.,Prestige signals are strong from carrier relationships and asset-insured claims.,7,"Likely expensive/not micro; HNW client relationships may be advisor-specific; not a contractor/commercial wedge.",https://jwallenco.com/
8,Collaborative Insurance Solutions,Massachusetts,MA,Real estate / multifamily / condo / contractor commercial P&C,"Independent agency since 2018; site lists commercial property, HOA/condo building master policies, multifamily property, real estate developers, construction contractor insurance, cyber, workers comp, umbrella.",Young founder-led possibility; succession not confirmed; better JV/producer-hire candidate than retirement buyout.,Carrier list not visible in captured page.,Staff bench not public.,Modern but possibly lead-gen-like site with specific vertical pages.,No third-party reviews captured.,7,"Newer agency may not have seasoned renewal book; ownership/key-person risk likely; validate actual commissions vs digital lead flow.",https://www.collabsolutionsllc.com/
9,Donnelly & Sproul Insurance,Glen Rock / Bergen County,NJ,Commercial property / business P&C plus personal,"Independent NJ agency serving businesses and families since 1927; commercial property page emphasizes access to national top insurers and long local history.",Legacy agency age is succession-screen relevant but no sale intent confirmed.,Nation's top insurers claimed; no specific carrier list captured.,Staff bench not public from captured page.,Traditional but serviceable site with commercial content.,Nearly century-old local agency signal.,7,"Generalist book may lack niche; owner/staff/carrier transfer unknown; need commercial mix by revenue.",https://www.donnellyandsproul.com/business-owners-insurance/commercial-property-insurance/
10,Empire Insurance Services,New Jersey,NJ,Real estate / landlord / commercial property,"Site positions trusted insurance solutions for real estate professionals; lists lessor's risk, landlord coverage, mixed-use property insurance, New Jersey commercial insurance.",Succession not confirmed; specialty cue is niche fit only.,Carrier list not captured.,Staff bench not public.,Modern specialized site.,Positive testimonial snippet surfaced in search result.,7,"Could be lead-gen/producer-heavy; must separate landlord recurring book from transactional placements.",https://empireins.co/
11,AZBY Brokerage,Bronx / lower Westchester,NY,Landlord, business, personal and commercial lines,"Served five boroughs and lower Westchester for 45+ years; independent broker representing 20+ companies; serves landlords and business owners; landlord and commercial property insurance pages; certificate requests.",45+ year local agency suggests succession-screen relevance; no owner/sale clue confirmed.,Represents over 20 insurance companies.,Staff bench not public.,Modernized local site with certificates and quote paths.,Long relationships/generations claim.,7,"Urban landlord/habitational loss environment; personal auto/home mix may dilute niche; retention and loss ratios critical.",https://azbybrokerage.com/
12,Skinner & Company,Harrison / Westchester,NY,Surety bonds for contractors/developers,"Bonds-only insurance agency; licensed broker; NASBP, NYC Surety Association, NY Sub Contractors Trade Association and NY Building Congress memberships; issues performance/payment bonds for GCs, subcontractor trades and developers.",Site names president and sole shareholder, which is both a succession clue and a key-person red flag; no sale intent confirmed.,"Power of attorney with A.M. Best A-rated insurance companies claimed.",Staff referenced but appears concentrated around owner/specialist team.,Older narrow specialty site.,Trade-association membership is strong niche proof.,6,"Sole-shareholder/key-person dependence; not a broad P&C agency; surety relationships may not transfer without principal.",https://skinnerbonds.com/
13,Commercial Insurance Specialists / CIS,Tampa / Clearwater,FL,Commercial contractor P&C,"Independent commercial insurance experts for Florida businesses and contractors; public vertical copy for commercial HVAC contractor, commercial auto, property, liability, workers comp.",Succession not confirmed; selective Florida target because thesis is commercial contractors, not coastal homeowners.,Claims vast network of national/regional carriers.,Expert team wording but exact bench not public.,Modern commercial-specific site.,No review data captured.,6,"Florida carrier/legal market; verify revenue is not personal/coastal property; storm exposure if property-heavy.",https://www.cisllcfl.com/
14,Total Insurance Group,Florida statewide,FL,Commercial contractor / business P&C,"Independent agency with access to over 100 carriers; commercial solutions include general liability, workers comp, tools, vehicles, jobsite protection; contractor copy is explicit.",Succession not confirmed; acquisition fit is niche/appointment breadth, not owner-age clue.,Over 100 carriers claimed.,Staff bench not public.,Modern broad commercial site.,No third-party review data captured.,6,"Could be too broad/lead-gen; Florida exposure; must verify commercial renewal book and staff servicing.",https://www.totalig.com/
15,Bogle Agency Insurance,Bergen County,NJ,High-value personal lines / Chubb,"Public page targets successful families and individuals with high-value assets and Chubb coverage; personal lines / HNW cue in affluent NJ suburbs.",Succession not confirmed; useful as affluent-personal-lines screen.,Chubb high-value asset focus public; broader carrier panel not captured.,Staff bench not public.,Traditional niche page.,Local Bergen County specialization.,6,"HNW relationships may be producer/referral dependent; not commercial-heavy; carrier concentration risk if Chubb-led.",https://bogleagency.com/high-value-asset-personal-lines-insurance-coverage-chubb/
